item_id,sub_order_num,product_name,sku,size,quantity,listed_price,discounted_price,credit_reason
1,406826346276_1,FIVESTAR Georgette Lehengha Choli with Inner Crep and Embroidered with 9mm Sequnce Work with Dupata,6326,Semi Stitched,1,1910.0,1910.0,DELIVERED
2,216649987717_1,"Beautiful pure lakhnovi long kurta embroidery cotton thread work,sequence work ,flair plazoo and duppata",Kb 201,XXL,1,1500.0,1500.0,CANCELLED
3,184970118893_1, PARTY WEAR BEAUTIFUL LOOK FANCY EMBROIDERY AND 5mm SEQUENCE WORK GOWN WITH DUPATTA ,hk 1446,Free Size,1,1561.0,1561.0,DELIVERED
4,916538974169_1,FIVESTAR Designer Suit On Havy Gorgette febric with 9MM sequnce work and sharara on Gorgette febric with 9MM Sequnce work and Dupatta on also Gorgette Febric with 9MM Sequnce work (BLACK),1101 black,Semi Stitched,1,1749.0,1749.0,RTO_COMPLETE
5,528661643961_1,stlish dress,mk -6114,XL,1,750.0,750.0,DELIVERED
6,261363877240_1,Heavy faux georgette with embroidery work with moti latkan border with sleev  Dupatta Sets ,Ad 009 a,XXL,1,1500.0,1500.0,RTO_COMPLETE
7,125088357756_1, PARTY WEAR LOOK HEAVY EMBROIDERY AND 5mm SEQUINS WORK GOWN WITH DUPATTA ,Hk1408b,Free Size,1,1350.0,1350.0,CANCELLED
8,223981111637_1,stylish shirt,546149913,XXL,1,500.0,500.0,CANCELLED
9,760155806750_1,Fancy three layer one piece,123,S,1,550.0,550.0,CANCELLED
10,183404359462_1,top & bottom set,akshar 1090,M,1,1368.0,1368.0,RTO_COMPLETE
11,322259568161_1, PARTY WEAR LOOK HEAVY EMBROIDERY AND 5mm SEQUINS WORK GOWN WITH DUPATTA ,hk 1408,Free Size,1,1350.0,1350.0,DELIVERED
12,173534645547_1, PARTY WEAR LOOK HEAVY EMBROIDERY AND 5mm SEQUINS WORK GOWN WITH DUPATTA ,hk 1408,Free Size,1,1350.0,1350.0,DELIVERED
13,493966375185_1, PARTY WEAR LOOK HEAVY EMBROIDERY AND 5mm SEQUINS WORK GOWN WITH DUPATTA ,Hk1408b,Free Size,1,1350.0,1350.0,RTO_COMPLETE
14,507255016644_1,Heavy Soft Butterfly Net With Rose Flower Pattern Ribin Work With Rivet Moti Work With Sleeve gown with duppata,Ad 021,XXL,1,1300.0,1300.0,DELIVERED
15,180484790337_1,Heavy Soft Butterfly Net With Rose Flower Pattern Ribin Work With Rivet Moti Work With Sleeve gown with duppata,Ad 021,XXL,1,1300.0,1300.0,CANCELLED
16,354486173123_1, PARTY WEAR LOOK HEAVY EMBROIDERY AND 5mm SEQUINS WORK GOWN WITH DUPATTA ,Hk1408b,Free Size,1,1350.0,1350.0,DELIVERED
17,832025757463_1, PARTY WEAR LOOK HEAVY EMBROIDERY AND 5mm SEQUINS WORK GOWN WITH DUPATTA ,Hk1408b,Free Size,1,1350.0,1350.0,DELIVERED
18,838020109948_1, PARTY WEAR LOOK HEAVY EMBROIDERY AND 5mm SEQUINS WORK GOWN WITH DUPATTA ,Hk1408b,Free Size,1,1350.0,1350.0,CANCELLED
19,581588380617_1,FIVESTAR beautiful Designer Saree on premium Soft Net fabric with Sequence and Embroidery work and blouse on Velvet fabric with Sequence and Embroidery work,323,Free Size,1,1399.0,1399.0,CANCELLED
20,978604039408_1,FIVESTAR Designer Suit On Havy Gorgette febric with Thred and sequnce work and Pent on Gorgette febric and Dupatta on also Gorgette Febric with Thred and Sequnce work,1100,Semi Stitched,1,1749.0,1749.0,DELIVERED
21,641914233092_1,Designer Saree on premium Soft Net fabric with Sequnce work & Ruffle with Vayring and blouse on also soft net febric with inner (Blue),Saree..1,Free Size,1,1444.0,1444.0,DELIVERED
22,938768197643_1, PARTY WEAR LOOK HEAVY EMBROIDERY AND 5mm SEQUINS WORK GOWN WITH DUPATTA ,Hk1408b,Free Size,1,1350.0,1350.0,CANCELLED
23,765111140935_1,Heavy Soft Butterfly Net With Rose Flower Pattern Ribin Work With Rivet Moti Work With Sleeve gown with duppata,Ad 021,XXL,1,1300.0,1300.0,DELIVERED
24,673557263786_1,Beautiful heavy embroidery sequence work top sharara with dupatta ,Dhk 1096,XL,1,2000.0,2000.0,DELIVERED
25,520950302337_1, PARTY WEAR LOOK HEAVY EMBROIDERY AND 5mm SEQUINS WORK GOWN WITH DUPATTA ,hk 1408,Free Size,1,1350.0,1350.0,DELIVERED
26,426408564759_1,FIVESTAR Designer Suit On Havy Gorgette febric with 9MM sequnce work and sharara on Gorgette febric with 9MM Sequnce work and Dupatta on also Gorgette Febric with 9MM Sequnce work (BLACK),1101 black,Semi Stitched,1,1749.0,1749.0,CANCELLED
27,130383665484_1, PARTY WEAR LOOK HEAVY EMBROIDERY AND 5mm SEQUINS WORK GOWN WITH DUPATTA ,hk 1408,Free Size,1,1350.0,1350.0,CANCELLED
28,768837658082_1,top & bottom set,akshar 1090,M,1,1368.0,1368.0,DELIVERED
29,605642620102_1, PARTY WEAR LOOK HEAVY EMBROIDERY AND 5mm SEQUINS WORK GOWN WITH DUPATTA ,Hk1408b,Free Size,1,1311.0,1311.0,CANCELLED
30,570185609650_1, PARTY WEAR LOOK HEAVY EMBROIDERY AND 5mm SEQUINS WORK GOWN WITH DUPATTA ,Hk1408b,Free Size,1,1311.0,1311.0,CANCELLED
31,507304078237_1, PARTY WEAR LOOK HEAVY EMBROIDERY AND 5mm SEQUINS WORK GOWN WITH DUPATTA ,Hk1408b,Free Size,1,1311.0,1311.0,DELIVERED
32,1688345391_1, PARTY WEAR LOOK HEAVY EMBROIDERY AND 5mm SEQUINS WORK GOWN WITH DUPATTA ,Hk 1408a,Free Size,1,1350.0,1350.0,DELIVERED
33,677211623652_1,Stylish designer digital printed work lehenga choli with duppata ,932291795,Semi Stitched,1,1500.0,1500.0,CANCELLED
34,436163379734_1,Heavy Pure Super Slub Cotton With Embroidery Work With Balloon Sleeve With Attached Belt  Dresses ,Ad020,XXL,1,1000.0,1000.0,DELIVERED
35,363376800481_1,Heavy Soft Butterfly Net With Rose Flower Pattern Ribin Work With Rivet Moti Work With Sleeve gown with duppata,Ad 021,XXL,1,1300.0,1300.0,CANCELLED
36,429553639148_1, PARTY WEAR BEAUTIFUL LOOK FANCY EMBROIDERY AND 5mm SEQUENCE WORK GOWN WITH DUPATTA ,hk 1446,Free Size,1,1600.0,1600.0,CANCELLED
37,748959635571_1, PARTY WEAR LOOK HEAVY EMBROIDERY AND 5mm SEQUINS WORK GOWN WITH DUPATTA ,hk 1408,Free Size,1,1350.0,1350.0,CANCELLED
38,545646779706_1, PARTY WEAR LOOK HEAVY EMBROIDERY AND 5mm SEQUINS WORK GOWN WITH DUPATTA ,Hk1408b,Free Size,1,1350.0,1350.0,RTO_COMPLETE
39,572323669372_1, PARTY WEAR LOOK HEAVY EMBROIDERY AND 5mm SEQUINS WORK GOWN WITH DUPATTA ,hk 1408,Free Size,1,1350.0,1350.0,DELIVERED
40,403153127441_1,FIVESTAR Designer Suit On Havy Gorgette febric with 9MM sequnce work and sharara on Gorgette febric with 9MM Sequnce work and Dupatta on also Gorgette Febric with 9MM Sequnce work (BLACK),1101 black,Semi Stitched,1,1749.0,1749.0,DELIVERED
41,264002870509_1,Dupatta set with bottom and duppata ,190,L,1,618.0,618.0,DELIVERED
42,849870909835_1, PARTY WEAR LOOK HEAVY EMBROIDERY AND 5mm SEQUINS WORK GOWN WITH DUPATTA ,Hk 1408a,Free Size,1,1350.0,1350.0,DELIVERED
43,284641390076_1, PARTY WEAR LOOK HEAVY EMBROIDERY AND 5mm SEQUINS WORK GOWN WITH DUPATTA ,Hk1408b,Free Size,1,1350.0,1350.0,DELIVERED
44,803134095214_1,Desigener Party Wear Look New Top With Lehengha With Heavy Embroidery Sequence Work,dv1IKTGh,Free Size,1,1499.0,1499.0,DELIVERED
45,546528163157_1, PARTY WEAR LOOK HEAVY EMBROIDERY AND 5mm SEQUINS WORK GOWN WITH DUPATTA ,Hk1408b,Free Size,1,1350.0,1350.0,DELIVERED
46,772604862058_1, PARTY WEAR LOOK HEAVY EMBROIDERY AND 5mm SEQUINS WORK GOWN WITH DUPATTA ,Hk 1408a,Free Size,1,1350.0,1350.0,CANCELLED
47,940712900368_1,Fancy embroidery sequence work gown with dupatta ,Dhk1094,XL,1,1461.0,1461.0,RTO_LOCKED
48,239488734703_1, PARTY WEAR LOOK HEAVY EMBROIDERY AND 5mm SEQUINS WORK GOWN WITH DUPATTA ,Hk 1408a,Free Size,1,1350.0,1350.0,DELIVERED
49,851847662041_1, PARTY WEAR LOOK HEAVY EMBROIDERY AND 5mm SEQUINS WORK GOWN WITH DUPATTA ,hk 1408,Free Size,1,1350.0,1350.0,DELIVERED
50,675841565482_1,top & bottom set,akshar 1090,M,1,1368.0,1368.0,DELIVERED
51,312073496064_1,Fancy look beautiful embroidery work kurti bottom with duppata,Hk 1454,XXL,1,1400.0,1400.0,RTO_COMPLETE
52,574899849229_1, PARTY WEAR LOOK HEAVY EMBROIDERY AND 5mm SEQUINS WORK GOWN WITH DUPATTA ,hk 1408,Free Size,1,1350.0,1350.0,RTO_COMPLETE
53,114775122169_1,top & bottom set,akshar 1090,XL,1,1368.0,1368.0,RTO_COMPLETE
54,387624086840_1, PARTY WEAR LOOK HEAVY EMBROIDERY AND 5mm SEQUINS WORK GOWN WITH DUPATTA ,Hk1408b,Free Size,1,1350.0,1350.0,CANCELLED
55,444981584080_1, PARTY WEAR LOOK HEAVY EMBROIDERY AND 5mm SEQUINS WORK GOWN WITH DUPATTA ,Hk1408b,Free Size,1,1350.0,1350.0,DELIVERED
56,301578067962_1, PARTY WEAR LOOK HEAVY EMBROIDERY AND 5mm SEQUINS WORK GOWN WITH DUPATTA ,hk 1408,Free Size,1,1350.0,1350.0,DELIVERED
57,747803875668_1, PARTY WEAR LOOK HEAVY EMBROIDERY AND 5mm SEQUINS WORK GOWN WITH DUPATTA ,hk 1408,Free Size,1,1350.0,1350.0,DELIVERED
58,231138984607_1, PARTY WEAR LOOK HEAVY EMBROIDERY AND 5mm SEQUINS WORK GOWN WITH DUPATTA ,Hk1408b,Free Size,1,1350.0,1350.0,DELIVERED
59,534942511093_1,Fancy designer  wear kirti,234,M,1,300.0,300.0,CANCELLED
60,755146728346_1, PARTY WEAR LOOK HEAVY EMBROIDERY AND 5mm SEQUINS WORK GOWN WITH DUPATTA ,Hk avdh,Free Size,1,1350.0,1350.0,DELIVERED
61,115964435613_1, PARTY WEAR LOOK HEAVY EMBROIDERY AND 5mm SEQUINS WORK GOWN WITH DUPATTA ,Hk avdh,Free Size,1,1311.0,1311.0,DELIVERED
62,323608154730_1,FIVESTAR beautiful Designer Suit On Havy Gorgette febric with inner on 9 MM Sequance work and Palazoo on Gorgette febric with inner on 9 MM Sequance work and dupatta on also Gorgette febric on 9 MM Sequance work,5400 maroon,Semi Stitched,1,1999.0,1999.0,CANCELLED
63,641300392975_1, PARTY WEAR LOOK HEAVY EMBROIDERY AND 5mm SEQUINS WORK GOWN WITH DUPATTA ,Hk 1408a,Free Size,1,1350.0,1350.0,DELIVERED
64,803963214519_1,Fancy look beautiful embroidery work kurti bottom with duppata,Hk 1454,XXL,1,1400.0,1400.0,RTO_COMPLETE
65,248244279818_1,Fancy look beautiful embroidery work kurti bottom with duppata,Hk 1454,XXL,1,1400.0,1400.0,DELIVERED
66,426590723490_1, PARTY WEAR LOOK HEAVY EMBROIDERY AND 5mm SEQUINS WORK GOWN WITH DUPATTA ,Hk1408b,Free Size,1,1350.0,1350.0,CANCELLED
67,263871865116_1, PARTY WEAR LOOK HEAVY EMBROIDERY AND 5mm SEQUINS WORK GOWN WITH DUPATTA ,Hk1408b,Free Size,1,1350.0,1350.0,CANCELLED
68,520331241821_1, PARTY WEAR LOOK HEAVY EMBROIDERY AND 5mm SEQUINS WORK GOWN WITH DUPATTA ,Hk1408b,Free Size,5,1350.0,1350.0,CANCELLED
69,884057591159_1, PARTY WEAR LOOK HEAVY EMBROIDERY AND 5mm SEQUINS WORK GOWN WITH DUPATTA ,Hk1408b,Free Size,1,1350.0,1350.0,CANCELLED
70,593818076639_1,top & bottom set,akshar 1090,XXL,1,1368.0,1368.0,CANCELLED
71,400915987718_1, PARTY WEAR LOOK HEAVY EMBROIDERY AND 5mm SEQUINS WORK GOWN WITH DUPATTA ,Hk1408b,Free Size,5,1350.0,1350.0,CANCELLED
72,315389638702_1,Kurta Sets ,45678,XXL,1,500.0,500.0,DELIVERED
73,395369627755_1, PARTY WEAR LOOK HEAVY EMBROIDERY AND 5mm SEQUINS WORK GOWN WITH DUPATTA ,hk 1408,Free Size,1,1350.0,1350.0,RTO_COMPLETE
74,473722759765_1, PARTY WEAR LOOK HEAVY EMBROIDERY AND 5mm SEQUINS WORK GOWN WITH DUPATTA ,hk 1408,Free Size,1,1350.0,1350.0,DELIVERED
75,624275479819_1,top & bottom set,akshar 1090,M,1,1400.0,1400.0,CANCELLED
76,912010011757_1, PARTY WEAR LOOK HEAVY EMBROIDERY AND 5mm SEQUINS WORK GOWN WITH DUPATTA ,Hk1408b,Free Size,1,1350.0,1350.0,DELIVERED
77,486842794529_1,FIVESTAR beautiful Designer Suit On Havy Gorgette febric with inner on 9 MM Sequance work and Palazoo on Gorgette febric with inner on 9 MM Sequance work and dupatta on also Gorgette febric on 9 MM Sequance work,5400 lavender,Semi Stitched,1,1999.0,1999.0,RTO_COMPLETE
78,998981302653_1,Heavy faux georgette with embroidery work with moti latkan border with sleev  Dupatta Sets ,Ad 009 a,XL,1,1500.0,1500.0,CANCELLED
79,704165208295_1, PARTY WEAR LOOK HEAVY EMBROIDERY AND 5mm SEQUINS WORK GOWN WITH DUPATTA ,Hk 1408a,Free Size,1,1350.0,1350.0,DELIVERED
80,974991026344_1,Fancy look beautiful embroidery work kurti bottom with duppata,Hk 1454,XXL,1,1400.0,1400.0,DELIVERED
81,346130315989_1, PARTY WEAR LOOK HEAVY EMBROIDERY AND 5mm SEQUINS WORK GOWN WITH DUPATTA ,Hk1408b,Free Size,1,1350.0,1350.0,DELIVERED
82,756746970573_1, PARTY WEAR LOOK HEAVY EMBROIDERY AND 5mm SEQUINS WORK GOWN WITH DUPATTA ,Hk1408b,Free Size,1,1350.0,1350.0,DELIVERED
83,313984293646_1,Heavy faux georgette with embroidery work with moti latkan border with sleev  Dupatta Sets ,Ad 009 a,XXL,1,1500.0,1500.0,DELIVERED
84,354258590368_1, PARTY WEAR LOOK HEAVY EMBROIDERY AND 5mm SEQUINS WORK GOWN WITH DUPATTA ,Hk1408b,Free Size,1,1350.0,1350.0,DELIVERED
85,116898224563_1,FIVESTAR beautiful Designer Suit On Havy Gorgette febric with inner on 9 MM Sequance work and Palazoo on Gorgette febric with inner on 9 MM Sequance work and dupatta on also Gorgette febric on 9 MM Sequance work,5400 blue,Semi Stitched,1,1999.0,1999.0,CANCELLED
86,702473758487_1,FIVESTAR beautiful Designer Suit On Havy Gorgette febric with inner on 9 MM Sequance work and Palazoo on Gorgette febric with inner on 9 MM Sequance work and dupatta on also Gorgette febric on 9 MM Sequance work,5400 white,Semi Stitched,1,1999.0,1999.0,DELIVERED
87,185684610641_1, PARTY WEAR LOOK HEAVY EMBROIDERY AND 5mm SEQUINS WORK GOWN WITH DUPATTA ,Hk1408b,Free Size,1,1350.0,1350.0,CANCELLED
88,823942308881_1, PARTY WEAR LOOK HEAVY EMBROIDERY AND 5mm SEQUINS WORK GOWN WITH DUPATTA ,Hk1408b,Free Size,1,1350.0,1350.0,DELIVERED
89,605356661364_1,FIVESTAR beautiful Designer Suit On Havy Gorgette febric with inner on 9 MM Sequance work and Palazoo on Gorgette febric with inner on 9 MM Sequance work and dupatta on also Gorgette febric on 9 MM Sequance work,5400 maroon,Semi Stitched,1,1999.0,1999.0,CANCELLED
90,137241552481_1,FIVESTAR beautiful Designer Saree on premium Soft Net fabric with Sequence and Embroidery work and blouse on Velvet fabric with Sequence and Embroidery work,323,Free Size,1,1399.0,1399.0,CANCELLED
91,107182927963_1, PARTY WEAR LOOK HEAVY EMBROIDERY AND 5mm SEQUINS WORK GOWN WITH DUPATTA ,Hk1408b,Free Size,1,1311.0,1311.0,CANCELLED
92,133620476043_1, PARTY WEAR LOOK HEAVY EMBROIDERY AND 5mm SEQUINS WORK GOWN WITH DUPATTA ,Hk 1408a,Free Size,1,1350.0,1350.0,DELIVERED
93,537121032423_1,FLORAL PRINT IN FOX GEORGETTE REAL MIRROR WORK GOWNS WITH DUPATTA,kb 194,XXL,1,1561.0,1561.0,DELIVERED
94,668655545003_1, PARTY WEAR LOOK HEAVY EMBROIDERY AND 5mm SEQUINS WORK GOWN WITH DUPATTA ,Hk 1408a,Free Size,1,1350.0,1350.0,RTO_COMPLETE
95,733339429166_1,FIVESTAR Designer Suit On Havy Gorgette febric with 9MM sequnce work and sharara on Gorgette febric with 9MM Sequnce work and Dupatta on also Gorgette Febric with 9MM Sequnce work (BLACK),1101 black,Semi Stitched,1,1749.0,1749.0,CANCELLED
96,115964435613_1, PARTY WEAR LOOK HEAVY EMBROIDERY AND 5mm SEQUINS WORK GOWN WITH DUPATTA ,Hk avdh,Free Size,1,1311.0,1311.0,DELIVERED
97,381353679397_1,FIVESTAR Beautiful Designer Women Gorgette Plazo with Banglory silk Blouse and Gorgette duppata,5425 black,Semi Stitched,1,1599.0,1599.0,CANCELLED
98,684818289255_1, PARTY WEAR LOOK HEAVY EMBROIDERY AND 5mm SEQUINS WORK GOWN WITH DUPATTA ,Hk1408b,Free Size,1,1350.0,1350.0,DELIVERED
99,269627385202_1,FIVESTAR Beautiful Designer Women Gorgette Plazo with Banglory silk Blouse and Gorgette duppata,5425 pink,Semi Stitched,1,1599.0,1599.0,CANCELLED
100,882312666682_1,FIVESTAR beautiful Designer Saree on premium Soft Net fabric with Sequence and Embroidery work and blouse on Velvet fabric with Sequence and Embroidery work,323,Free Size,1,1399.0,1399.0,DELIVERED
101,704814497883_1,top & bottom set,akshar 1090,XL,1,1400.0,1400.0,DELIVERED
102,137922314316_1, PARTY WEAR LOOK HEAVY EMBROIDERY AND 5mm SEQUINS WORK GOWN WITH DUPATTA ,hk 1408,Free Size,1,1350.0,1350.0,CANCELLED
103,150003921805_1,FIVESTAR Beautiful Designer Women Gorgette Plazo with Banglory silk Blouse and Gorgette duppata,5425 pink,Semi Stitched,1,1599.0,1599.0,DELIVERED
104,918609782308_1, PARTY WEAR LOOK HEAVY EMBROIDERY AND 5mm SEQUINS WORK GOWN WITH DUPATTA ,hk 1408,Free Size,1,1350.0,1350.0,CANCELLED
105,145765249861_1,FIVESTAR Designer Women Suit On havy Organza silk febric with Thred with Sequnce work and pent on also organza silk febric with inner and Dupatta also on organza silk febric with Thred work and less work,1091,Free Size,1,1399.0,1399.0,DELIVERED
106,523165022965_1, PARTY WEAR LOOK HEAVY EMBROIDERY AND 5mm SEQUINS WORK GOWN WITH DUPATTA ,Hk1408b,Free Size,1,1350.0,1350.0,CANCELLED
107,236795271202_1, PARTY WEAR LOOK HEAVY EMBROIDERY AND 5mm SEQUINS WORK GOWN WITH DUPATTA ,Hk1408b,Free Size,1,1350.0,1350.0,DELIVERED
108,704133639877_1,Beautiful maska cotton kurta set with muslin cotton duppata and pant,Kb 196 b,L,1,1400.0,1400.0,RTO_COMPLETE
109,643537959075_1, PARTY WEAR LOOK HEAVY EMBROIDERY AND 5mm SEQUINS WORK GOWN WITH DUPATTA ,Hk avdh,Free Size,1,1350.0,1350.0,DELIVERED
110,887032986289_1, PARTY WEAR LOOK HEAVY EMBROIDERY AND 5mm SEQUINS WORK GOWN WITH DUPATTA ,Hk avdh,Free Size,1,1350.0,1350.0,CANCELLED
111,121951310020_1,FIVESTAR beautiful Designer Suit On Havy Gorgette febric with inner on 9 MM Sequance work and Palazoo on Gorgette febric with inner on 9 MM Sequance work and dupatta on also Gorgette febric on 9 MM Sequance work,5400 white,Semi Stitched,1,1999.0,1999.0,CANCELLED
112,402972493507_1, PARTY WEAR LOOK HEAVY EMBROIDERY AND 5mm SEQUINS WORK GOWN WITH DUPATTA ,hk 1408,Free Size,1,1350.0,1350.0,DELIVERED
113,555207008312_1,top & bottom set,akshar 1090,M,1,1400.0,1400.0,DELIVERED
114,270994880886_1,FIVESTAR beautiful Designer Suit On Havy Gorgette febric with inner on 9 MM Sequance work and Palazoo on Gorgette febric with inner on 9 MM Sequance work and dupatta on also Gorgette febric on 9 MM Sequance work,5400 skyblue,Semi Stitched,1,1999.0,1999.0,CANCELLED
115,437167650973_1,Dupatta Sets,Hk1436,XXL,1,1400.0,1400.0,DELIVERED
116,458878633167_1,FIVESTAR Bridal Wedding Gorgette Lehengha with soft net Dupata,6320,Semi Stitched,1,1949.0,1949.0,DELIVERED
117,261601009640_1,top & bottom set,akshar 1090,L,1,1400.0,1400.0,DELIVERED
118,453722335864_1,Beautiful maska cotton kurta set with muslin cotton duppata and pant,Kb 196 b,M,1,1400.0,1400.0,CANCELLED
119,296540364861_1, PARTY WEAR LOOK HEAVY EMBROIDERY AND 5mm SEQUINS WORK GOWN WITH DUPATTA ,hk 1408,Free Size,1,1311.0,1311.0,RTO_COMPLETE
120,189410351427_1,Kurta Sets ,45678,L,1,500.0,500.0,DELIVERED
121,384931415630_1,FIVESTAR Designer Suit On Havy Gorgette febric with 9MM sequnce work and sharara on Gorgette febric with 9MM Sequnce work and Dupatta on also Gorgette Febric with 9MM Sequnce work (BLUE),1101 blue,Semi Stitched,1,1749.0,1749.0,DELIVERED
122,923462757835_1,FIVESTAR beautiful Designer Suit On Havy Gorgette febric with inner on 9 MM Sequance work and Palazoo on Gorgette febric with inner on 9 MM Sequance work and dupatta on also Gorgette febric on 9 MM Sequance work,5400 blue,Semi Stitched,1,1999.0,1999.0,DELIVERED
123,848334441754_1,FIVESTAR beautiful Designer Suit On Havy Gorgette febric with inner on 9 MM Sequance work and Palazoo on Gorgette febric with inner on 9 MM Sequance work and dupatta on also Gorgette febric on 9 MM Sequance work,5400 skyblue,Semi Stitched,1,1999.0,1999.0,DELIVERED
124,748208976472_1,Kalamkari print full flair narkali sut set,Kb 198,M,1,1400.0,1400.0,RTO_COMPLETE
125,933916764856_1,FIVESTAR wedding special occasions Lehengha choli with Dupata,6302 green,Semi Stitched,1,2299.0,2299.0,RTO_COMPLETE
126,623328510051_1, PARTY WEAR LOOK HEAVY EMBROIDERY AND 5mm SEQUINS WORK GOWN WITH DUPATTA ,hk 1408,Free Size,1,1350.0,1350.0,CANCELLED
127,426207937376_1,top & bottom set,akshar 1090,M,1,1400.0,1400.0,DELIVERED
128,295645979015_1,Kalamkari print full flair narkali sut set,Kb 198,M,1,1400.0,1400.0,DELIVERED
129,736602256273_1,Stylish designer digital printed work lehenga choli with duppata ,921837737,Semi Stitched,1,1500.0,1500.0,DELIVERED
130,736602256273_2,Stylish designer digital printed work lehenga choli with duppata ,932291795,Semi Stitched,1,1500.0,1500.0,DELIVERED
131,188317821806_1,Fancy look beautiful embroidery work kurti bottom with duppata,Hk 1454,XXL,1,1368.0,1368.0,DELIVERED
132,640125783153_1,Stylish designer digital printed work lehenga choli with duppata ,Dhk 1100,Semi Stitched,1,1500.0,1500.0,DELIVERED
133,383743812322_1,Fancy look beautiful embroidery work kurti bottom with duppata,Hk 1454,XL,1,1400.0,1400.0,CANCELLED
134,313945993871_1,"FIVE STAR Hair Straightener Comb for Women & Men, Hair Styler, Straightener Machine Brush/PTC Heating Electric Straightener with 5 Temperature Control Hair Straightener",Uk8ndIGZ,Free Size,1,414.0,414.0,DELIVERED
135,715638312753_1,"FIVE STAR Hair Straightener Comb for Women & Men, Hair Styler, Straightener Machine Brush/PTC Heating Electric Straightener with 5 Temperature Control Hair Straightener",Uk8ndIGZ,Free Size,1,429.0,429.0,DELIVERED
136,263636176870_1,top & bottom set,akshar 1090,M,1,1400.0,1400.0,DELIVERED
137,139089555643_1,"FIVE STAR Hair Straightener Comb for Women & Men, Hair Styler, Straightener Machine Brush/PTC Heating Electric Straightener with 5 Temperature Control Hair Straightener",Uk8ndIGZ,Free Size,1,429.0,429.0,DELIVERED
138,120234205854_1,"FIVE STAR Hair Straightener Comb for Women & Men, Hair Styler, Straightener Machine Brush/PTC Heating Electric Straightener with 5 Temperature Control Hair Straightener",Uk8ndIGZ,Free Size,1,429.0,429.0,RTO_COMPLETE
139,105706412059_1,top & bottom set,akshar 1090,M,1,1400.0,1400.0,DELIVERED
140,269083456798_1,"FIVE STAR Hair Straightener Comb for Women & Men, Hair Styler, Straightener Machine Brush/PTC Heating Electric Straightener with 5 Temperature Control Hair Straightener",Uk8ndIGZ,Free Size,1,429.0,429.0,RTO_LOCKED
141,398702250845_1,"FIVE STAR Hair Straightener Comb for Women & Men, Hair Styler, Straightener Machine Brush/PTC Heating Electric Straightener with 5 Temperature Control Hair Straightener",Uk8ndIGZ,Free Size,1,414.0,414.0,CANCELLED
142,516987346340_1,"FIVE STAR Hair Straightener Comb for Women & Men, Hair Styler, Straightener Machine Brush/PTC Heating Electric Straightener with 5 Temperature Control Hair Straightener",Uk8ndIGZ,Free Size,1,429.0,429.0,CANCELLED
143,717389427083_1,"FIVE STAR Hair Straightener Comb for Women & Men, Hair Styler, Straightener Machine Brush/PTC Heating Electric Straightener with 5 Temperature Control Hair Straightener",Uk8ndIGZ,Free Size,1,429.0,429.0,RTO_LOCKED
144,590792915541_1,"FIVE STAR Hair Straightener Comb for Women & Men, Hair Styler, Straightener Machine Brush/PTC Heating Electric Straightener with 5 Temperature Control Hair Straightener",Uk8ndIGZ,Free Size,1,429.0,429.0,DELIVERED
145,542703544972_1,"FIVE STAR Hair Straightener Comb for Women & Men, Hair Styler, Straightener Machine Brush/PTC Heating Electric Straightener with 5 Temperature Control Hair Straightener",Uk8ndIGZ,Free Size,1,414.0,414.0,DELIVERED
146,296605193297_1,"FIVE STAR Hair Straightener Comb for Women & Men, Hair Styler, Straightener Machine Brush/PTC Heating Electric Straightener with 5 Temperature Control Hair Straightener",Uk8ndIGZ,Free Size,1,414.0,414.0,RTO_COMPLETE
147,963799194113_1,"FIVE STAR Hair Straightener Comb for Women & Men, Hair Styler, Straightener Machine Brush/PTC Heating Electric Straightener with 5 Temperature Control Hair Straightener",Uk8ndIGZ,Free Size,1,429.0,429.0,DELIVERED
148,118121582107_1,"FIVE STAR Hair Straightener Comb for Women & Men, Hair Styler, Straightener Machine Brush/PTC Heating Electric Straightener with 5 Temperature Control Hair Straightener",Uk8ndIGZ,Free Size,1,429.0,429.0,RTO_COMPLETE
149,928726855752_1,FIVESTAR beautiful Designer Suit On Havy Gorgette febric with inner on 9 MM Sequance work and Palazoo on Gorgette febric with inner on 9 MM Sequance work and dupatta on also Gorgette febric on 9 MM Sequance work,5400 lavender,Semi Stitched,1,1999.0,1999.0,DELIVERED
150,621670207763_1,"FIVE STAR Hair Straightener Comb for Women & Men, Hair Styler, Straightener Machine Brush/PTC Heating Electric Straightener with 5 Temperature Control Hair Straightener",Uk8ndIGZ,Free Size,1,429.0,429.0,CANCELLED
151,583140288760_1,top & bottom set,akshar 1090,XL,1,1400.0,1400.0,DELIVERED
152,498649084066_1, Georgette Silk Saree With Complete Heavy Sequence N Coding Multi Work N Banglori Silk Blouse,1265610464,Free Size,1,1500.0,1500.0,DELIVERED
153,485706928032_1,"FIVE STAR Hair Straightener Comb for Women & Men, Hair Styler, Straightener Machine Brush/PTC Heating Electric Straightener with 5 Temperature Control Hair Straightener",Uk8ndIGZ,Free Size,1,414.0,414.0,RTO_COMPLETE
154,431854237562_1,Kurta Sets ,45678,XXXL,1,500.0,500.0,DELIVERED
155,874997211089_1,top & bottom set,akshar 1090,XL,1,1400.0,1400.0,DELIVERED
156,302103837288_1,top & bottom set,akshar 1090,XXL,1,1400.0,1400.0,CANCELLED
157,265339595628_1,Kurta Sets ,45678,M,1,468.0,468.0,DELIVERED
158,707632123402_1,Kurta Sets ,95124932,XL,1,468.0,468.0,DELIVERED
159,237419587792_1,Kurta Sets ,45678,M,1,468.0,468.0,DELIVERED
160,898495702259_1,Fancy embroidery sequence work gown with dupatta ,Dhk1094,XL,1,1461.0,1461.0,CANCELLED
161,475133679575_1,FIVESTAR Bridal Wedding Gorgette Lehengha with soft net Dupata,6320,Semi Stitched,1,1910.0,1910.0,CANCELLED
162,294779117929_1,"FIVE STAR Hair Straightener Comb for Women & Men, Hair Styler, Straightener Machine Brush/PTC Heating Electric Straightener with 5 Temperature Control Hair Straightener",Uk8ndIGZ,Free Size,1,429.0,429.0,DELIVERED
163,740854251861_1,Fancy look beautiful embroidery work kurti bottom with duppata,Hk 1454,XXL,1,1400.0,1344.0,DELIVERED
164,799024162777_1,"Beautiful pure lakhnovi long kurta embroidery cotton thread work,sequence work ,flair plazoo and duppata",Kb 201,XXL,1,1500.0,1500.0,CANCELLED
165,740916316710_1,top & bottom set,akshar 1090,L,1,1400.0,1400.0,CANCELLED
166,397474434265_1,"FIVE STAR Hair Straightener Comb for Women & Men, Hair Styler, Straightener Machine Brush/PTC Heating Electric Straightener with 5 Temperature Control Hair Straightener",Uk8ndIGZ,Free Size,1,414.0,414.0,DELIVERED
167,687987764507_1,Kurta Sets ,45678,M,1,500.0,500.0,CANCELLED
168,277771506559_1,top & bottom set,akshar 1090,XL,1,1400.0,1400.0,CANCELLED
169,828865464829_1,top & bottom set,akshar 1090,L,1,1400.0,1400.0,DELIVERED
170,855547223698_1,Fancy look beautiful embroidery work kurti bottom with duppata,Hk 1454,XXL,1,1400.0,1344.0,CANCELLED
171,810704930357_1,Stylish navratri wear gown,Hk1464,XXL,1,1500.0,1350.0,DELIVERED
172,349165630963_1,"FIVE STAR Hair Straightener Comb for Women & Men, Hair Styler, Straightener Machine Brush/PTC Heating Electric Straightener with 5 Temperature Control Hair Straightener",Uk8ndIGZ,Free Size,1,429.0,429.0,DELIVERED
173,533392281431_1,top & bottom set,akshar 1090,L,1,1400.0,1400.0,DELIVERED
174,676702704307_1,top & bottom set,akshar 1090,XXL,1,1400.0,1400.0,DELIVERED
175,817910898905_1,top & bottom set,akshar 1090,L,1,1400.0,1400.0,CANCELLED
176,654530604117_1,Heavy Soft Butterfly Net With Rose Flower Pattern Ribin Work With Rivet Moti Work With Sleeve gown with duppata,Ad 021,XL,1,1300.0,1300.0,DELIVERED
177,952025308658_1,top & bottom set,akshar 1090,XXL,1,1400.0,1400.0,CANCELLED
178,543476848618_1,top & bottom set,akshar 1090,M,1,1368.0,1368.0,RTO_COMPLETE
179,929601676893_1,Stylish navratri wear gown,Hk1464,XXL,1,1500.0,1350.0,CANCELLED
180,878338919487_1,Dupatta Sets,Hk1436,XL,1,1400.0,1400.0,CANCELLED
181,755828660648_1,"FIVE STAR Hair Straightener Comb for Women & Men, Hair Styler, Straightener Machine Brush/PTC Heating Electric Straightener with 5 Temperature Control Hair Straightener",Uk8ndIGZ,Free Size,1,429.0,429.0,DELIVERED
182,781373357372_1,Heavy Soft Butterfly Net With Rose Flower Pattern Ribin Work With Rivet Moti Work With Sleeve gown with duppata,Ad 021,XL,1,1261.0,1261.0,RTO_COMPLETE
183,555002867665_1,Stylish designer digital printed work lehenga choli with duppata ,1502318399,Semi Stitched,1,1500.0,1500.0,CANCELLED
184,703072596386_1,Fancy organza dress with kamar belt and hairbelt,Kd1166,M,1,1184.0,1184.0,RTO_COMPLETE
185,460748174495_1,top & bottom set,akshar 1090,M,1,1400.0,1400.0,DELIVERED
186,355746559602_1,Heavy faux georgette with embroidery work with moti latkan border with sleev  Dupatta Sets ,Ad 009 a,XL,1,1500.0,1500.0,RTO_COMPLETE
187,658416003246_1,"FIVE STAR Hair Straightener Comb for Women & Men, Hair Styler, Straightener Machine Brush/PTC Heating Electric Straightener with 5 Temperature Control Hair Straightener",Uk8ndIGZ,Free Size,1,429.0,429.0,DELIVERED
188,271046524562_1,Fancy look beautiful embroidery work kurti bottom with duppata,Hk 1454,XL,1,1400.0,1400.0,DELIVERED
189,381809810413_1,Fancy look beautiful embroidery work kurti bottom with duppata,Hk 1454,XL,1,1400.0,1400.0,DELIVERED
190,710010425387_1,Fancy look beautiful embroidery work kurti bottom with duppata,Hk 1454,XXL,1,1400.0,1400.0,DELIVERED
191,338379679888_1,Fancy look beautiful embroidery work kurti bottom with duppata,Hk 1454,XL,1,1400.0,1400.0,CANCELLED
192,796423327995_1,Fancy look beautiful embroidery work kurti bottom with duppata,Hk 1454,XXL,1,1368.0,1368.0,DELIVERED
193,571369750119_1,Fancy look beautiful embroidery work kurti bottom with duppata,Hk 1454,XL,1,1400.0,1400.0,DELIVERED
194,652915591650_1,Fancy look beautiful embroidery work kurti bottom with duppata,Hk 1454,XXL,1,1400.0,1400.0,DELIVERED
195,922552445432_1,Fancy look beautiful embroidery work kurti bottom with duppata,Hk 1454,XL,1,1368.0,1368.0,DELIVERED
196,330275002150_1,Fancy embroidery sequence work gown with dupatta ,Dhk1094,XL,1,1461.0,1461.0,CANCELLED
197,910483967612_1,"FIVE STAR Hair Straightener Comb for Women & Men, Hair Styler, Straightener Machine Brush/PTC Heating Electric Straightener with 5 Temperature Control Hair Straightener",Uk8ndIGZ,Free Size,1,429.0,429.0,DELIVERED
198,355129275575_1,Fancy look beautiful embroidery work kurti bottom with duppata,Hk 1454,XL,1,1368.0,1368.0,DELIVERED
199,624159941368_1,Heavy Soft Butterfly Net With Rose Flower Pattern Ribin Work With Rivet Moti Work With Sleeve gown with duppata,Ad 021,XXL,1,1300.0,1300.0,DELIVERED
200,469860092115_1,Heavy Soft Butterfly Net With Rose Flower Pattern Ribin Work With Rivet Moti Work With Sleeve gown with duppata,Ad 021,XL,1,1300.0,1300.0,RTO_COMPLETE
201,507323371165_1,FIVESTAR Bridal Wedding Gorgette Lehengha with soft net Dupata,6320,Semi Stitched,1,1949.0,1949.0,DELIVERED
202,548021683292_1,Heavy faux georgette with embroidery work with moti latkan border with sleev  Dupatta Sets ,Ad 009 a,XL,1,1500.0,1500.0,CANCELLED
203,717468980947_1,Fancy look beautiful embroidery work kurti bottom with duppata,Hk 1454,XL,1,1400.0,1400.0,RTO_COMPLETE
204,182637707929_1,Fancy look beautiful embroidery work kurti bottom with duppata,Hk 1454,XXL,1,1368.0,1368.0,RTO_COMPLETE
205,765196624540_1,FIVESTAR Bridal Wedding Gorgette Lehengha with soft net Dupata,6320,Semi Stitched,1,1949.0,1949.0,RTO_COMPLETE
206,694787246193_1,Stylish navratri wear lehnga choli, Dhk1121,Semi Stitched,1,1200.0,1200.0,CANCELLED
207,653631357267_1,FIVESTAR Bridal Wedding Gorgette Lehengha with soft net Dupata,6320,Semi Stitched,1,1949.0,1949.0,DELIVERED
208,812064549286_1,top & bottom set,akshar 1090,XXL,1,1400.0,1400.0,CANCELLED
